Ticker,Exchange
A32,UPCOM
AAA,HOSE
AAM,HOSE
AAS,UPCOM
AAT,HOSE
AAV,HNX
ABB,UPCOM
ABC,UPCOM
ABI,UPCOM
ABR,HOSE
ABS,HOSE
ABT,HOSE
ACB,HOSE
ACC,HOSE
ACE,UPCOM
ACG,UPCOM
ACL,HOSE
ACM,HNX
ACS,UPCOM
ACV,UPCOM
ADC,HNX
ADG,HOSE
ADP,UPCOM
ADS,HOSE
AFC,UPCOM
AFX,UPCOM
AG1,UPCOM
AGB,UPCOM
AGE,UPCOM
AGF,UPCOM
AGG,HOSE
AGM,HOSE
AGP,UPCOM
AGR,HOSE
AGX,UPCOM
AIC,UPCOM
ALT,HNX
ALV,UPCOM
AMC,HNX
AMD,HOSE
AME,HNX
AMP,UPCOM
AMS,UPCOM
AMV,HNX
ANT,UPCOM
ANV,HOSE
APC,HOSE
APF,UPCOM
APG,HOSE
APH,HOSE
API,HNX
APL,UPCOM
APP,HNX
APS,HNX
APT,UPCOM
ARM,HNX
ART,HNX
ASA,UPCOM
ASG,HOSE
ASM,HOSE
ASP,HOSE
AST,HOSE
ATA,UPCOM
ATB,UPCOM
ATD,UPCOM
ATG,UPCOM
ATP,HOSE
ATS,HNX
AUM,UPCOM
AVC,UPCOM
AVF,UPCOM
B82,UPCOM
BAB,HNX
BAF,HOSE
BAL,UPCOM
BAM,UPCOM
BAX,HNX
BBC,HOSE
BBH,UPCOM
BBM,UPCOM
BBS,HNX
BBT,UPCOM
BCA,UPCOM
BCB,UPCOM
BCC,HNX
BCE,HOSE
BCF,HNX
BCG,HOSE
BCM,HOSE
BCO,UPCOM
BCP,UPCOM
BCV,UPCOM
BDB,HNX
BDG,UPCOM
BDT,UPCOM
BDW,UPCOM
BED,HNX
BEL,UPCOM
BFC,HOSE
BGT,UPCOM
BGW,UPCOM
BHA,UPCOM
BHC,UPCOM
BHG,UPCOM
BHK,UPCOM
BHN,HOSE
BHP,UPCOM
BHT,UPCOM
BIC,HOSE
BID,HOSE
BIG,UPCOM
BII,HNX
BIO,UPCOM
BKC,HNX
BKG,HOSE
BKH,UPCOM
BLF,HNX
BLI,UPCOM
BLN,UPCOM
BLT,UPCOM
BLU,UPCOM
BLW,UPCOM
BMC,HOSE
BMD,UPCOM
BMF,UPCOM
BMG,UPCOM
BMI,HOSE
BMJ,UPCOM
BMN,UPCOM
BMP,HOSE
BMS,UPCOM
BMV,UPCOM
BNA,HNX
BNW,UPCOM
BOT,UPCOM
BPC,HNX
BPT,UPCOM
BPW,UPCOM
BQB,UPCOM
BRC,HOSE
BRM,UPCOM
BRR,UPCOM
BRS,UPCOM
BRV,UPCOM
BSA,UPCOM
BSC,HNX
BSD,UPCOM
BSG,UPCOM
BSH,UPCOM
BSI,HOSE
BSL,UPCOM
BSP,UPCOM
BSQ,UPCOM
BSR,UPCOM
BST,HNX
BT1,UPCOM
BT6,UPCOM
BTB,UPCOM
BTD,UPCOM
BTG,UPCOM
BTH,UPCOM
BTN,UPCOM
BTP,HOSE
BTS,HNX
BTT,HOSE
BTU,UPCOM
BTV,UPCOM
BTW,HNX
BUD,UPCOM
BVB,UPCOM
BVG,UPCOM
BVH,HOSE
BVL,UPCOM
BVN,UPCOM
BVS,HNX
BWA,UPCOM
BWE,HOSE
BWS,UPCOM
BXH,HNX
BXT,UPCOM
C12,UPCOM
C21,UPCOM
C22,UPCOM
C32,HOSE
C36,UPCOM
C47,HOSE
C4G,UPCOM
C69,HNX
C71,UPCOM
C92,HNX
CAB,UPCOM
CAD,UPCOM
CAF,UPCOM
CAG,HNX
CAM,UPCOM
CAN,HNX
CAP,HNX
CAR,UPCOM
CAT,UPCOM
CAV,HOSE
CBC,UPCOM
CBI,UPCOM
CBS,UPCOM
CBV,UPCOM
CC1,UPCOM
CC4,UPCOM
CCA,UPCOM
CCI,HOSE
CCL,HOSE
CCM,UPCOM
CCP,UPCOM
CCR,HNX
CCT,UPCOM
CCV,UPCOM
CDC,HOSE
CDG,UPCOM
CDH,UPCOM
CDN,HNX
CDO,UPCOM
CDP,UPCOM
CDR,UPCOM
CDV,UPCOM
CE1,UPCOM
CEE,HOSE
CEG,UPCOM
CEN,UPCOM
CEO,HNX
CET,HNX
CFC,UPCOM
CFM,UPCOM
CFV,UPCOM
CGC,UPCOM
CGL,UPCOM
CGV,UPCOM
CH5,UPCOM
CHC,UPCOM
CHP,HOSE
CHS,UPCOM
CI5,UPCOM
CIA,HNX
CID,UPCOM
CIG,HOSE
CII,HOSE
CIP,UPCOM
CJC,HNX
CJV,UPCOM
CK8,UPCOM
CKA,UPCOM
CKD,UPCOM
CKG,HOSE
CKM,HNX
CKV,HNX
CLC,HOSE
CLG,UPCOM
CLH,HNX
CLL,HOSE
CLM,HNX
CLW,HOSE
CLX,UPCOM
CMC,HNX
CMD,UPCOM
CMF,UPCOM
CMG,HOSE
CMI,UPCOM
CMK,UPCOM
CMN,UPCOM
CMP,UPCOM
CMS,HNX
CMT,UPCOM
CMV,HOSE
CMW,UPCOM
CMX,HOSE
CNA,UPCOM
CNC,UPCOM
CNG,HOSE
CNN,UPCOM
CNT,UPCOM
CNX,UPCOM
COM,HOSE
CPA,UPCOM
CPC,HNX
CPH,UPCOM
CPI,UPCOM
CQN,UPCOM
CQT,UPCOM
CRC,HOSE
CRE,HOSE
CRV,HOSE
CSC,HNX
CSI,UPCOM
CSM,HOSE
CST,UPCOM
CSV,HOSE
CT3,UPCOM
CT5,UPCOM
CT6,UPCOM
CTA,UPCOM
CTB,HNX
CTC,HNX
CTD,HOSE
CTF,HOSE
CTG,HOSE
CTI,HOSE
CTN,UPCOM
CTP,HNX
CTR,HOSE
CTS,HOSE
CTT,HNX
CTW,UPCOM
CTX,HNX
CVN,HNX
CVP,UPCOM
CVT,HOSE
CX8,HNX
CXH,UPCOM
CYC,UPCOM
D11,HNX
D2D,HOSE
DAC,UPCOM
DAD,HNX
DAE,HNX
DAG,HOSE
DAH,HOSE
DAN,UPCOM
DAP,UPCOM
DAR,UPCOM
DAS,UPCOM
DAT,HOSE
DBC,HOSE
DBD,HOSE
DBH,UPCOM
DBM,UPCOM
DBT,HOSE
DBV,UPCOM
DBW,UPCOM
DC1,UPCOM
DC2,HNX
DC4,HOSE
DCF,UPCOM
DCG,UPCOM
DCH,UPCOM
DCL,HOSE
DCM,HOSE
DCR,UPCOM
DCS,UPCOM
DCT,UPCOM
DDG,HNX
DDH,UPCOM
DDM,UPCOM
DDN,UPCOM
DDV,UPCOM
DFC,UPCOM
DFF,UPCOM
DGC,HOSE
DGT,UPCOM
DGW,HOSE
DHA,HOSE
DHB,UPCOM
DHC,HOSE
DHD,UPCOM
DHG,HOSE
DHM,HOSE
DHN,UPCOM
DHP,HNX
DHQ,UPCOM
DHT,HNX
DIC,UPCOM
DID,UPCOM
DIG,HOSE
DIH,HNX
DKC,UPCOM
DKH,UPCOM
DKP,UPCOM
DKW,UPCOM
DL1,HNX
DLD,UPCOM
DLG,HOSE
DLR,UPCOM
DLT,UPCOM
DM7,UPCOM
DMC,HOSE
DMH,UPCOM
DMN,UPCOM
DNA,UPCOM
DNB,UPCOM
DNC,HNX
DND,UPCOM
DNE,UPCOM
DNH,UPCOM
DNL,UPCOM
DNM,HNX
DNN,UPCOM
DNP,HNX
DNT,UPCOM
DNW,UPCOM
DNY,UPCOM
DO3,HNX
DOC,UPCOM
DOP,UPCOM
DP1,UPCOM
DP2,UPCOM
DP3,HNX
DPC,HNX
DPD,UPCOM
DPG,HOSE
DPH,UPCOM
DPM,HOSE
DPP,UPCOM
DPR,HOSE
DPS,UPCOM
DQC,HOSE
DRC,HOSE
DRG,UPCOM
DRH,HOSE
DRI,UPCOM
DRL,HOSE
DS3,HNX
DSC,UPCOM
DSD,UPCOM
DSG,UPCOM
DSN,HOSE
DSP,UPCOM
DST,HNX
DSV,UPCOM
DT4,UPCOM
DTA,HOSE
DTB,UPCOM
DTC,HNX
DTD,HNX
DTE,UPCOM
DTF,UPCOM
DTG,UPCOM
DTH,UPCOM
DTI,UPCOM
DTJ,UPCOM
DTK,HNX
DTL,HOSE
DTN,UPCOM
DTP,UPCOM
DTT,HOSE
DTV,UPCOM
DUS,UPCOM
DVC,UPCOM
DVG,HNX
DVN,UPCOM
DVP,HOSE
DVW,UPCOM
DWC,UPCOM
DWS,UPCOM
DX2,UPCOM
DXD,UPCOM
DXG,HOSE
DXL,UPCOM
DXP,HNX
DXS,HOSE
DXV,HOSE
DZM,HNX
E12,UPCOM
E1VFVN30,HOSE
E29,UPCOM
EAD,UPCOM
EBA,HNX
EBS,HNX
ECI,HNX
EFI,UPCOM
EIB,HOSE
EIC,UPCOM
EID,HNX
EIN,UPCOM
ELC,HOSE
EMC,HOSE
EME,UPCOM
EMG,UPCOM
EMS,UPCOM
EPC,UPCOM
EPH,UPCOM
ESL,UPCOM
EVE,HOSE
EVF,HOSE
EVG,HOSE
EVS,HNX
FBA,UPCOM
FBC,UPCOM
FCC,UPCOM
FCM,HOSE
FCN,HOSE
FCS,UPCOM
FDC,HOSE
FDG,UPCOM
FGL,UPCOM
FHH,UPCOM
FHN,UPCOM
FHS,UPCOM
FIC,UPCOM
FID,HNX
FIR,HOSE
FIT,HOSE
FLC,HOSE
FMC,HOSE
FOC,UPCOM
FOX,UPCOM
FPT,HOSE
FRC,UPCOM
FRM,UPCOM
FRT,HOSE
FSO,UPCOM
FT1,UPCOM
FTI,UPCOM
FTM,UPCOM
FTS,HOSE
FUCTVGF2,HOSE
FUCTVGF3,HOSE
FUCVREIT,HOSE
FUEIP100,HOSE
FUEKIV30,HOSE
FUEMAV30,HOSE
FUESSV30,HOSE
FUESSV50,HOSE
FUESSVFL,HOSE
FUEVFVND,HOSE
FUEVN100,HOSE
FVN,UPCOM
G20,UPCOM
G30,UPCOM
G36,UPCOM
GAB,HOSE
GAS,HOSE
GCB,UPCOM
GDA,HOSE
GDT,HOSE
GDW,HNX
GE2,UPCOM
GEE,UPCOM
GEG,HOSE
GEM,UPCOM
GER,UPCOM
GEX,HOSE
GGG,UPCOM
GH3,UPCOM
GHC,UPCOM
GIC,HNX
GIL,HOSE
GKM,HNX
GLC,UPCOM
GLT,HNX
GLW,UPCOM
GMA,HNX
GMC,HOSE
GMD,HOSE
GMH,HOSE
GMX,HNX
GND,UPCOM
GQN,UPCOM
GSM,UPCOM
GSP,HOSE
GTA,HOSE
GTD,UPCOM
GTH,UPCOM
GTK,UPCOM
GTM,UPCOM
GTN,HOSE
GTS,UPCOM
GTT,UPCOM
GVR,HOSE
GVT,UPCOM
H11,UPCOM
HAB,UPCOM
HAC,UPCOM
HAD,HNX
HAF,UPCOM
HAG,HOSE
HAH,HOSE
HAI,HOSE
HAM,UPCOM
HAN,UPCOM
HAP,HOSE
HAR,HOSE
HAS,HOSE
HAT,HNX
HAV,UPCOM
HAW,UPCOM
HAX,HOSE
HBC,HOSE
HBD,UPCOM
HBE,HNX
HBH,UPCOM
HBS,HNX
HC1,UPCOM
HC3,UPCOM
HCB,UPCOM
HCC,HNX
HCD,HOSE
HCI,UPCOM
HCM,HOSE
HCO,UPCOM
HCT,HNX
HD2,UPCOM
HD6,UPCOM
HD8,UPCOM
HDA,HNX
HDB,HOSE
HDC,HOSE
HDG,HOSE
HDM,UPCOM
HDO,UPCOM
HDP,UPCOM
HDS,UPCOM
HDW,UPCOM
HEC,UPCOM
HEJ,UPCOM
HEM,UPCOM
HEP,UPCOM
HES,UPCOM
HEV,HNX
HFB,UPCOM
HFC,UPCOM
HFS,UPCOM
HFT,UPCOM
HFX,UPCOM
HGA,UPCOM
HGC,UPCOM
HGM,HNX
HGR,UPCOM
HGT,UPCOM
HGW,UPCOM
HHC,HNX
HHG,HNX
HHI,UPCOM
HHN,UPCOM
HHP,HOSE
HHR,UPCOM
HHS,HOSE
HHV,HOSE
HID,HOSE
HIG,UPCOM
HII,HOSE
HIZ,UPCOM
HJC,UPCOM
HJS,HNX
HKB,UPCOM
HKC,UPCOM
HKP,UPCOM
HKT,HNX
HLA,UPCOM
HLB,UPCOM
HLC,HNX
HLD,HNX
HLE,UPCOM
HLG,UPCOM
HLR,UPCOM
HLS,UPCOM
HLT,UPCOM
HLY,UPCOM
HMC,HOSE
HMG,UPCOM
HMH,HNX
HMR,HNX
HMS,UPCOM
HNA,UPCOM
HNB,UPCOM
HNC,UPCOM
HND,UPCOM
HNE,UPCOM
HNF,UPCOM
HNG,HOSE
HNI,UPCOM
HNM,UPCOM
HNP,UPCOM
HNR,UPCOM
HNT,UPCOM
HOM,HNX
HOT,HOSE
HPB,UPCOM
HPD,UPCOM
HPG,HOSE
HPH,UPCOM
HPI,UPCOM
HPM,HNX
HPP,UPCOM
HPT,UPCOM
HPW,UPCOM
HPX,HOSE
HQC,HOSE
HRB,UPCOM
HRC,HOSE
HRT,UPCOM
HSA,UPCOM
HSG,HOSE
HSI,UPCOM
HSL,HOSE
HSM,UPCOM
HSP,UPCOM
HSV,UPCOM
HT1,HOSE
HT9,UPCOM
HTC,HNX
HTE,UPCOM
HTG,UPCOM
HTH,UPCOM
HTI,HOSE
HTK,UPCOM
HTL,HOSE
HTM,UPCOM
HTN,HOSE
HTP,HNX
HTR,UPCOM
HTS,UPCOM
HTT,UPCOM
HTU,UPCOM
HTV,HOSE
HTW,UPCOM
HU1,HOSE
HU3,HOSE
HU4,UPCOM
HU6,UPCOM
HUB,HOSE
HUG,UPCOM
HUT,HNX
HUX,UPCOM
HVA,UPCOM
HVG,UPCOM
HVH,HOSE
HVN,HOSE
HVT,HNX
HVX,HOSE
HWI,UPCOM
HWS,UPCOM
I10,UPCOM
IBC,HOSE
IBD,UPCOM
IBN,UPCOM
ICC,UPCOM
ICF,UPCOM
ICG,HNX
ICI,UPCOM
ICN,UPCOM
ICS,UPCOM
ICT,HOSE
IDC,HNX
IDI,HOSE
IDJ,HNX
IDP,UPCOM
IDV,HNX
IED,UPCOM
IFC,UPCOM
IFS,UPCOM
IHK,UPCOM
IJC,HOSE
ILA,UPCOM
ILB,HOSE
ILC,UPCOM
ILS,UPCOM
IME,UPCOM
IMI,UPCOM
IMP,HOSE
IN4,UPCOM
IN7,UPCOM
INC,HNX
INN,HNX
IPA,HNX
IPH,UPCOM
IRC,UPCOM
ISG,UPCOM
ISH,UPCOM
IST,UPCOM
ITA,HOSE
ITC,HOSE
ITD,HOSE
ITQ,HNX
ITS,UPCOM
IVS,HNX
JOS,UPCOM
JVC,HOSE
KAC,UPCOM
KAT,UPCOM
KBC,HOSE
KBE,UPCOM
KCB,UPCOM
KCE,UPCOM
KDC,HOSE
KDH,HOSE
KDM,HNX
KGM,UPCOM
KGR,UPCOM
KHA,UPCOM
KHB,UPCOM
KHD,UPCOM
KHG,HOSE
KHL,UPCOM
KHP,HOSE
KHS,HNX
KHW,UPCOM
KIP,UPCOM
KKC,HNX
KLB,UPCOM
KLC,UPCOM
KLF,HNX
KLM,UPCOM
KMR,HOSE
KMT,HNX
KNA,UPCOM
KOS,HOSE
KPF,HOSE
KSA,UPCOM
KSB,HOSE
KSD,HNX
KSF,HNX
KSH,UPCOM
KSK,UPCOM
KSQ,HNX
KSS,UPCOM
KST,HNX
KSV,UPCOM
KTC,UPCOM
KTL,UPCOM
KTS,HNX
KTT,HNX
KTU,UPCOM
KTW,UPCOM
KVC,HNX
KWA,UPCOM
L10,HOSE
L12,UPCOM
L14,HNX
L18,HNX
L35,HNX
L40,HNX
L43,HNX
L44,UPCOM
L45,UPCOM
L61,HNX
L62,HNX
L63,UPCOM
LAF,HOSE
LAI,UPCOM
LAS,HNX
LAW,UPCOM
LBC,UPCOM
LBE,HNX
LBM,HOSE
LCC,UPCOM
LCD,HNX
LCG,HOSE
LCM,HOSE
LCS,HNX
LCW,UPCOM
LDG,HOSE
LDP,HNX
LDU,UPCOM
LDW,UPCOM
LEC,HOSE
LG9,UPCOM
LGC,HOSE
LGL,HOSE
LGM,UPCOM
LHC,HNX
LHG,HOSE
LIC,UPCOM
LIG,HNX
LIX,HOSE
LKW,UPCOM
LLM,UPCOM
LM3,UPCOM
LM7,HNX
LM8,HOSE
LMC,UPCOM
LMH,UPCOM
LMI,UPCOM
LNC,UPCOM
LO5,UPCOM
LPB,HOSE
LPT,UPCOM
LQN,UPCOM
LSG,UPCOM
LSS,HOSE
LTC,UPCOM
LTG,UPCOM
LTQ,UPCOM
LUT,HNX
LWS,UPCOM
LYF,UPCOM
M10,UPCOM
MA1,UPCOM
MAC,HNX
MAS,HNX
MBB,HOSE
MBG,HNX
MBN,UPCOM
MBS,HNX
MC3,UPCOM
MCC,HNX
MCD,UPCOM
MCF,HNX
MCG,HOSE
MCH,UPCOM
MCI,UPCOM
MCM,UPCOM
MCO,HNX
MCP,HOSE
MCT,UPCOM
MDA,UPCOM
MDC,HNX
MDD,HNX
MDF,UPCOM
MDG,HOSE
MDT,UPCOM
MEC,UPCOM
MED,HNX
MEF,UPCOM
MEG,UPCOM
MEL,HNX
MES,UPCOM
MEY,UPCOM
MFS,UPCOM
MGC,UPCOM
MGG,UPCOM
MGR,UPCOM
MH3,UPCOM
MHC,HOSE
MHL,HNX
MHP,UPCOM
MHY,UPCOM
MIC,UPCOM
MIE,UPCOM
MIG,HOSE
MIM,HNX
MKP,UPCOM
MKV,HNX
MLC,UPCOM
MLS,UPCOM
MMC,UPCOM
MML,UPCOM
MNB,UPCOM
MND,UPCOM
MPC,UPCOM
MPT,UPCOM
MPY,UPCOM
MQB,UPCOM
MQN,UPCOM
MRF,UPCOM
MSB,HOSE
MSH,HOSE
MSN,HOSE
MSR,UPCOM
MST,HNX
MT9,UPCOM
MTA,UPCOM
MTB,UPCOM
MTC,UPCOM
MTG,UPCOM
MTH,UPCOM
MTL,UPCOM
MTM,UPCOM
MTP,UPCOM
MTS,UPCOM
MTV,UPCOM
MVB,HNX
MVC,UPCOM
MVN,UPCOM
MVT,UPCOM
MWG,HOSE
MXC,UPCOM
NAB,UPCOM
NAC,UPCOM
NAF,HOSE
NAG,HNX
NAP,HNX
NAS,UPCOM
NAU,UPCOM
NAV,HOSE
NAW,UPCOM
NBB,HOSE
NBC,HNX
NBE,UPCOM
NBP,HNX
NBT,UPCOM
NBW,HNX
NCP,UPCOM
NCS,UPCOM
NCT,HOSE
ND2,UPCOM
NDC,UPCOM
NDF,UPCOM
NDN,HNX
NDP,UPCOM
NDT,UPCOM
NDW,UPCOM
NDX,HNX
NED,UPCOM
NET,HNX
NFC,HNX
NGC,UPCOM
NHA,HOSE
NHC,HNX
NHH,HOSE
NHP,UPCOM
NHT,HOSE
NHV,UPCOM
NJC,UPCOM
NKG,HOSE
NLG,HOSE
NLS,UPCOM
NNB,UPCOM
NNC,HOSE
NNG,UPCOM
NNQ,UPCOM
NNT,UPCOM
NO1,HOSE
NOS,UPCOM
NQB,UPCOM
NQN,UPCOM
NQT,UPCOM
NRC,HNX
NS2,UPCOM
NS3,UPCOM
NSC,HOSE
NSG,UPCOM
NSH,HNX
NSL,UPCOM
NSS,UPCOM
NST,HNX
NT2,HOSE
NTB,UPCOM
NTC,UPCOM
NTF,UPCOM
NTG,UPCOM
NTH,HNX
NTL,HOSE
NTP,HNX
NTT,UPCOM
NTW,UPCOM
NUE,UPCOM
NVB,HNX
NVL,HOSE
NVP,UPCOM
NVT,HOSE
NWT,UPCOM
NXT,UPCOM
OCB,HOSE
OCH,HNX
ODE,UPCOM
OGC,HOSE
OIL,UPCOM
ONE,HNX
ONW,UPCOM
OPC,HOSE
ORS,HOSE
PAC,HOSE
PAI,UPCOM
PAN,HOSE
PAP,UPCOM
PAS,UPCOM
PAT,UPCOM
PBC,UPCOM
PBK,UPCOM
PBP,HNX
PBT,UPCOM
PC1,HOSE
PCC,UPCOM
PCE,HNX
PCF,UPCOM
PCG,HNX
PCM,UPCOM
PCN,UPCOM
PCT,HNX
PDB,HNX
PDC,HNX
PDN,HOSE
PDR,HOSE
PDT,UPCOM
PDV,UPCOM
PEC,UPCOM
PEG,UPCOM
PEN,HNX
PEQ,UPCOM
PET,HOSE
PFL,UPCOM
PGB,UPCOM
PGC,HOSE
PGD,HOSE
PGI,HOSE
PGN,HNX
PGS,HNX
PGT,HNX
PGV,HOSE
PHC,HOSE
PHH,UPCOM
PHN,HNX
PHP,HNX
PHR,HOSE
PHS,UPCOM
PIA,HNX
PIC,HNX
PID,UPCOM
PIS,UPCOM
PIT,HOSE
PIV,UPCOM
PJC,HNX
PJS,UPCOM
PJT,HOSE
PKR,UPCOM
PLA,UPCOM
PLC,HNX
PLE,UPCOM
PLO,UPCOM
PLP,HOSE
PLX,HOSE
PMB,HNX
PMC,HNX
PME,HOSE
PMG,HOSE
PMJ,UPCOM
PMP,HNX
PMS,HNX
PMT,UPCOM
PMW,UPCOM
PNC,HOSE
PND,UPCOM
PNG,UPCOM
PNJ,HOSE
PNP,UPCOM
PNT,UPCOM
POB,UPCOM
POM,HOSE
POS,UPCOM
POT,HNX
POV,UPCOM
POW,HOSE
PPC,HOSE
PPE,HNX
PPH,UPCOM
PPI,UPCOM
PPP,HNX
PPS,HNX
PPT,UPCOM
PPV,UPCOM
PPY,HNX
PQN,UPCOM
PRC,HNX
PRE,HNX
PRO,UPCOM
PRT,UPCOM
PSB,UPCOM
PSC,HNX
PSD,HNX
PSE,HNX
PSG,UPCOM
PSH,HOSE
PSI,HNX
PSL,UPCOM
PSN,UPCOM
PSP,UPCOM
PSW,HNX
PTB,HOSE
PTC,HOSE
PTD,HNX
PTE,UPCOM
PTG,UPCOM
PTH,UPCOM
PTI,HNX
PTL,HOSE
PTN,UPCOM
PTO,UPCOM
PTP,UPCOM
PTS,HNX
PTT,UPCOM
PTV,UPCOM
PTX,UPCOM
PV2,HNX
PVA,UPCOM
PVB,HNX
PVC,HNX
PVD,HOSE
PVE,UPCOM
PVG,HNX
PVH,UPCOM
PVI,HNX
PVL,HNX
PVM,UPCOM
PVO,UPCOM
PVP,UPCOM
PVR,UPCOM
PVS,HNX
PVT,HOSE
PVV,UPCOM
PVX,UPCOM
PVY,UPCOM
PWA,UPCOM
PWS,UPCOM
PX1,UPCOM
PXA,UPCOM
PXC,UPCOM
PXI,UPCOM
PXK,HNX
PXL,UPCOM
PXM,UPCOM
PXS,HOSE
PXT,UPCOM
PYU,UPCOM
QBR,UPCOM
QBS,HOSE
QCC,UPCOM
QCG,HOSE
QHD,HNX
QHW,UPCOM
QLD,UPCOM
QLT,UPCOM
QNC,UPCOM
QNS,UPCOM
QNT,UPCOM
QNU,UPCOM
QNW,UPCOM
QPH,UPCOM
QSP,UPCOM
QST,HNX
QTC,HNX
QTP,UPCOM
RAL,HOSE
RAT,UPCOM
RBC,UPCOM
RCC,UPCOM
RCD,UPCOM
RCL,HNX
RDP,HOSE
REC,UPCOM
REE,HOSE
REN,UPCOM
RGC,UPCOM
RIC,UPCOM
ROS,HOSE
RRC,UPCOM
RTB,UPCOM
S12,UPCOM
S27,UPCOM
S4A,HOSE
S55,HNX
S72,UPCOM
S74,UPCOM
S96,UPCOM
S99,HNX
SAB,HOSE
SAC,UPCOM
SAD,UPCOM
SAF,HNX
SAL,UPCOM
SAM,HOSE
SAP,UPCOM
SAS,UPCOM
SAV,HOSE
SB1,UPCOM
SBA,HOSE
SBD,UPCOM
SBH,UPCOM
SBL,UPCOM
SBM,UPCOM
SBR,UPCOM
SBS,UPCOM
SBT,HOSE
SBV,HOSE
SC5,HOSE
SCA,UPCOM
SCC,UPCOM
SCD,HOSE
SCG,HNX
SCI,HNX
SCJ,UPCOM
SCL,UPCOM
SCO,UPCOM
SCR,HOSE
SCS,HOSE
SCV,UPCOM
SCY,UPCOM
SD1,UPCOM
SD2,HNX
SD3,UPCOM
SD4,HNX
SD5,HNX
SD6,HNX
SD7,UPCOM
SD8,UPCOM
SD9,HNX
SDA,HNX
SDB,UPCOM
SDC,HNX
SDD,UPCOM
SDG,HNX
SDH,UPCOM
SDJ,UPCOM
SDK,UPCOM
SDN,HNX
SDP,UPCOM
SDT,HNX
SDU,HNX
SDV,UPCOM
SDX,UPCOM
SDY,UPCOM
SEA,UPCOM
SEB,HNX
SED,HNX
SEP,UPCOM
SFC,HOSE
SFG,HOSE
SFI,HOSE
SFN,HNX
SGB,UPCOM
SGC,HNX
SGD,HNX
SGH,HNX
SGI,UPCOM
SGN,HOSE
SGO,UPCOM
SGP,UPCOM
SGR,HOSE
SGS,UPCOM
SGT,HOSE
SGV,UPCOM
SHA,HOSE
SHB,HOSE
SHC,UPCOM
SHE,HNX
SHG,UPCOM
SHI,HOSE
SHN,HNX
SHP,HOSE
SHS,HNX
SHX,UPCOM
SIC,HNX
SID,UPCOM
SIG,UPCOM
SII,HOSE
SIP,UPCOM
SIV,UPCOM
SJ1,HNX
SJC,UPCOM
SJD,HOSE
SJE,HNX
SJF,HOSE
SJG,UPCOM
SJM,UPCOM
SJS,HOSE
SKG,HOSE
SKH,UPCOM
SKN,UPCOM
SKV,UPCOM
SLS,HNX
SMA,HOSE
SMB,HOSE
SMC,HOSE
SMN,HNX
SMT,HNX
SNC,UPCOM
SNZ,UPCOM
SON,UPCOM
SP2,UPCOM
SPA,UPCOM
SPB,UPCOM
SPC,HNX
SPD,UPCOM
SPH,UPCOM
SPI,HNX
SPM,HOSE
SPP,UPCOM
SPS,UPCOM
SPV,UPCOM
SQC,UPCOM
SRA,HNX
SRB,UPCOM
SRC,HOSE
SRF,HOSE
SRT,UPCOM
SSB,HOSE
SSC,HOSE
SSE,UPCOM
SSF,UPCOM
SSG,UPCOM
SSH,UPCOM
SSI,HOSE
SSM,HNX
SSN,UPCOM
SST,UPCOM
SSU,UPCOM
ST8,HOSE
STB,HOSE
STC,HNX
STD,UPCOM
STG,HOSE
STH,UPCOM
STK,HOSE
STL,UPCOM
STN,UPCOM
STP,HNX
STS,UPCOM
STT,UPCOM
STW,UPCOM
SUM,UPCOM
SVC,HOSE
SVD,HOSE
SVG,UPCOM
SVH,UPCOM
SVI,HOSE
SVL,UPCOM
SVN,HNX
SVT,HOSE
SWC,UPCOM
SZB,HNX
SZC,HOSE
SZE,UPCOM
SZG,UPCOM
SZL,HOSE
T12,UPCOM
TA3,UPCOM
TA6,UPCOM
TA9,HNX
TAG,UPCOM
TAN,UPCOM
TAP,UPCOM
TAR,HNX
TAW,UPCOM
TB8,UPCOM
TBC,HOSE
TBD,UPCOM
TBH,UPCOM
TBR,UPCOM
TBT,UPCOM
TBW,UPCOM
TBX,HNX
TC6,HNX
TCB,HOSE
TCD,HOSE
TCH,HOSE
TCI,UPCOM
TCJ,UPCOM
TCK,UPCOM
TCL,HOSE
TCM,HOSE
TCO,HOSE
TCP,UPCOM
TCR,HOSE
TCT,HOSE
TCW,UPCOM
TDB,UPCOM
TDC,HOSE
TDF,UPCOM
TDG,HOSE
TDH,HOSE
TDI,HNX
TDM,HOSE
TDN,HNX
TDP,HOSE
TDS,UPCOM
TDT,HNX
TDW,HOSE
TEC,UPCOM
TED,UPCOM
TEG,HOSE
TEL,UPCOM
TET,HNX
TFC,HNX
TGG,HOSE
TGP,UPCOM
TH1,UPCOM
THB,HNX
THD,HNX
THG,HOSE
THI,HOSE
THN,UPCOM
THO,UPCOM
THP,UPCOM
THS,HNX
THT,HNX
THU,UPCOM
THW,UPCOM
TID,UPCOM
TIE,UPCOM
TIG,HNX
TIN,UPCOM
TIP,HOSE
TIS,UPCOM
TIX,HOSE
TJC,HNX
TKA,UPCOM
TKC,HNX
TKD,HNX
TKG,UPCOM
TKU,HNX
TL4,UPCOM
TLD,HOSE
TLG,HOSE
TLH,HOSE
TLI,UPCOM
TLP,UPCOM
TLT,UPCOM
TMB,HNX
TMC,HNX
TMG,UPCOM
TMP,HOSE
TMS,HOSE
TMT,HOSE
TMW,UPCOM
TMX,HNX
TN1,HOSE
TNA,HOSE
TNB,UPCOM
TNC,HOSE
TNG,HNX
TNH,HOSE
TNI,HOSE
TNM,UPCOM
TNP,UPCOM
TNS,UPCOM
TNT,HOSE
TNW,UPCOM
TOP,UPCOM
TOS,UPCOM
TOT,HNX
TOW,UPCOM
TPB,HOSE
TPC,HOSE
TPE,UPCOM
TPH,HNX
TPP,HNX
TPS,UPCOM
TQN,UPCOM
TQW,UPCOM
TR1,UPCOM
TRA,HOSE
TRC,HOSE
TRS,UPCOM
TRT,UPCOM
TS3,UPCOM
TS4,UPCOM
TS5,UPCOM
TSB,HNX
TSC,HOSE
TSD,UPCOM
TSG,UPCOM
TSJ,UPCOM
TST,HNX
TSV,UPCOM
TTA,HOSE
TTB,HOSE
TTC,HNX
TTD,UPCOM
TTE,HOSE
TTF,HOSE
TTG,UPCOM
TTH,HNX
TTL,HNX
TTN,UPCOM
TTP,UPCOM
TTS,UPCOM
TTT,HNX
TTU,UPCOM
TTZ,HNX
TUG,UPCOM
TV1,UPCOM
TV2,HOSE
TV3,HNX
TV4,HNX
TV6,UPCOM
TVA,UPCOM
TVB,HOSE
TVC,HNX
TVD,HNX
TVG,UPCOM
TVH,UPCOM
TVM,UPCOM
TVN,UPCOM
TVP,UPCOM
TVS,HOSE
TVT,HOSE
TVU,UPCOM
TVW,UPCOM
TW3,UPCOM
TXM,HNX
TYA,HOSE
UCT,UPCOM
UDC,HOSE
UDJ,UPCOM
UDL,UPCOM
UEM,UPCOM
UIC,HOSE
UMC,UPCOM
UNI,HNX
UNM,UPCOM
UPC,UPCOM
UPH,UPCOM
USC,UPCOM
USD,UPCOM
UTT,UPCOM
V11,UPCOM
V12,HNX
V15,UPCOM
V21,HNX
V45,UPCOM
VAB,UPCOM
VAF,HOSE
VAT,UPCOM
VAV,UPCOM
VBB,UPCOM
VBC,HNX
VBG,UPCOM
VBH,UPCOM
VC1,HNX
VC2,HNX
VC3,HNX
VC5,UPCOM
VC6,HNX
VC7,HNX
VC9,HNX
VCA,HOSE
VCB,HOSE
VCC,HNX
VCE,UPCOM
VCF,HOSE
VCG,HOSE
VCI,HOSE
VCM,HNX
VCP,UPCOM
VCR,UPCOM
VCS,HNX
VCT,UPCOM
VCW,UPCOM
VCX,UPCOM
VDB,UPCOM
VDL,HNX
VDN,UPCOM
VDP,HOSE
VDS,HOSE
VDT,UPCOM
VE1,HNX
VE2,HNX
VE3,HNX
VE4,HNX
VE8,HNX
VE9,UPCOM
VEA,UPCOM
VEC,UPCOM
VEF,UPCOM
VEG,UPCOM
VES,UPCOM
VET,UPCOM
VFC,UPCOM
VFG,HOSE
VFR,UPCOM
VFS,UPCOM
VGC,HOSE
VGG,UPCOM
VGI,UPCOM
VGL,UPCOM
VGP,HNX
VGR,UPCOM
VGS,HNX
VGT,UPCOM
VGV,UPCOM
VHC,HOSE
VHD,UPCOM
VHE,HNX
VHF,UPCOM
VHG,UPCOM
VHH,UPCOM
VHI,UPCOM
VHL,HNX
VHM,HOSE
VIB,HOSE
VIC,HOSE
VID,HOSE
VIE,HNX
VIF,HNX
VIG,HNX
VIH,UPCOM
VIM,UPCOM
VIN,UPCOM
VIP,HOSE
VIR,UPCOM
VIS,HOSE
VIT,HNX
VIW,UPCOM
VIX,HOSE
VJC,HOSE
VKC,HNX
VKD,UPCOM
VKP,UPCOM
VLA,HNX
VLB,UPCOM
VLC,UPCOM
VLF,UPCOM
VLG,UPCOM
VLP,UPCOM
VLW,UPCOM
VMA,UPCOM
VMC,HNX
VMD,HOSE
VMG,UPCOM
VMI,UPCOM
VMS,HNX
VMT,UPCOM
VNA,UPCOM
VNB,UPCOM
VNC,HNX
VND,HOSE
VNE,HOSE
VNF,HNX
VNG,HOSE
VNH,UPCOM
VNI,UPCOM
VNL,HOSE
VNM,HOSE
VNP,UPCOM
VNR,HNX
VNS,HOSE
VNT,HNX
VNX,UPCOM
VNY,UPCOM
VOC,UPCOM
VOS,HOSE
VPA,UPCOM
VPB,HOSE
VPC,UPCOM
VPD,HOSE
VPG,HOSE
VPH,HOSE
VPI,HOSE
VPR,UPCOM
VPS,HOSE
VPW,UPCOM
VQC,UPCOM
VRC,HOSE
VRE,HOSE
VRG,UPCOM
VSA,HNX
VSC,HOSE
VSE,UPCOM
VSF,UPCOM
VSG,UPCOM
VSH,HOSE
VSI,HOSE
VSM,HNX
VSN,UPCOM
VSP,UPCOM
VST,UPCOM
VT1,UPCOM
VTA,UPCOM
VTB,HOSE
VTC,HNX
VTD,UPCOM
VTE,UPCOM
VTG,UPCOM
VTH,HNX
VTI,UPCOM
VTJ,HNX
VTK,UPCOM
VTL,HNX
VTM,UPCOM
VTO,HOSE
VTP,UPCOM
VTQ,UPCOM
VTR,UPCOM
VTS,UPCOM
VTV,HNX
VTX,UPCOM
VTZ,HNX
VUA,UPCOM
VVN,UPCOM
VW1,UPCOM
VW3,UPCOM
VWS,UPCOM
VXB,HNX
VXP,UPCOM
VXT,UPCOM
WCS,HNX
WSB,UPCOM
WSS,HNX
WTC,UPCOM
X20,HNX
X26,UPCOM
X77,UPCOM
XDH,UPCOM
XHC,UPCOM
XLV,UPCOM
XMC,UPCOM
XMD,UPCOM
XMP,UPCOM
XPH,UPCOM
XVC,UPCOM
YBC,UPCOM
YBM,HOSE
YEG,HOSE
YRC,UPCOM
YTC,UPCOM